{"cameraMode":{"drawMode":0,"name":"Shaded","section":"Shading Mode"},"sceneLighting":true,"audioPlay":false,"sceneViewState":{"showFog":true,"showMaterialUpdate":false,"showSkybox":true,"showFlares":true,"showImageEffects":true,"showParticleSystems":true},"in2DMode":false,"pivot":{"x":56.16257095336914,"y":-19.992233276367189,"z":-1.0934430360794068},"rotation":{"x":0.4484485685825348,"y":0.5499978065490723,"z":-0.5266813635826111,"w":0.46816226840019228},"size":101.98983764648438,"orthographic":false}